ID,NAME,STREET_ADDRESS,CITY,STATE,STATE_CODE,EMAIL_ADDRESS,PHONE_NUMBER,GENDER,SOCIAL_SECURITY_NUMBER,EMPLOYMENT_STATUS
1000,Dalenna Ransley,1148 Hintze Park,Chigang,,US,dransley0@tamu.edu,245-489-4541,F,451-319-1624,Unemployed
1001,Rozamond Gaskin,8 Manley Alley,Tatarsk,,AF,rgaskin1@canalblog.com,438-116-7942,M,326-672-8609,Unemployed
1002,Sande Thwaite,02 Summerview Road,Baoshi,,CA,sthwaite2@time.com,511-858-1944,M,623-425-9430,Employed
1003,Kearney Grocutt,3 Magdeline Center,Priargunsk,,AU,kgrocutt3@cdbaby.com,314-824-2721,M,794-994-4749,Employed
1004,Britte Honnicott,8 Packers Avenue,Darenzhuang,,GB,bhonnicott4@theglobeandmail.com,921-585-8194,F,244-327-1835,Unemployed
1005,Alana Dy,33 Ilene Court,Mazowe,,US,ady5@facebook.com,115-166-7169,F,153-640-9495,Unemployed
1006,Joscelin Bradie,4100 Cody Circle,Watulabara,,IS,jbradie6@omniture.com,398-285-3263,F,645-209-8996,Employed
1007,Vinnie Bilbrooke,79749 Clarendon Place,Ettal,,AU,vbilbrooke7@independent.co.uk,947-810-5013,M,198-736-1054,Employed
1008,Pepi Standrin,08820 Walton Road,Danirai,,US,pstandrin8@google.co.jp,543-654-1977,F,160-812-0945,Unemployed
1009,Danyelle Conichie,6832 Reinke Road,Galamares,Lisboa,US,dconichie9@dyndns.org,767-201-1138,F,790-496-6013,Unemployed
1010,Wendel Charter,11 Gerald Place,Tsagaandörvölj,,ET,wchartera@1und1.de,974-369-6806,M,387-159-2302,Unemployed
1011,Meade Lowseley,864 Iowa Street,Maria Cristina,,ZW,mlowseleyb@theatlantic.com,354-854-9783,F,238-501-8265,Unemployed
1012,Brandon Poveleye,68773 Mendota Hill,Neiba,,US,bpoveleyec@geocities.jp,599-229-6749,F,301-980-0215,Unemployed
1013,Roxana Garrat,5661 7th Lane,Henglan,,US,rgarratd@nydailynews.com,394-356-9507,M,354-793-4585,Employed
1014,Iggie Castard,481 Erie Road,Lanzhong,,MX,icastarde@europa.eu,552-528-8871,F,261-398-4132,Unemployed
1015,Sargent Tothe,2367 Lakewood Crossing,Bolesławiec,,CU,stothef@abc.net.au,352-992-4480,M,978-824-7436,Employed
1016,Adlai Broggini,21 Granby Circle,Cibangun Tengah,,US,abrogginig@jimdo.com,494-377-0197,M,745-326-8271,Employed
1017,Amble Mahood,916 Waubesa Crossing,Santa Cruz,Ilha da Madeira,US,amahoodh@dyndns.org,750-271-4456,F,874-447-3923,Unemployed
1018,Rebekah Mulrean,8237 Sherman Crossing,Panjerrejo,,CN,rmulreani@qq.com,275-240-4606,F,425-318-9232,Unemployed
1019,Jervis Rawls,98 Sullivan Hill,Reszel,,BR,jrawlsj@businesswire.com,363-685-5038,F,644-199-3245,Unemployed
1020,Breena Dallimare,08 Bunker Hill Court,Hässelby,Stockholm,MR,bdallimarek@marketwatch.com,545-792-7000,M,819-854-7482,Unemployed
1021,Betteann Commins,78 Jenna Avenue,Embu,,US,bcomminsl@e-recht24.de,316-656-9778,F,175-762-0722,Unemployed
1022,Lusa Neave,7450 Maple Road,Lugovoy,,IR,lneavem@msn.com,873-145-0422,M,347-867-5152,Unemployed
1023,Caye Alcoran,296 Kennedy Avenue,Conima,,VU,calcorann@admin.ch,728-683-5433,M,438-803-8721,Employed
1024,Shelden Jersh,501 Hauk Center,Baclayon,,US,sjersho@shinystat.com,553-680-4877,M,743-213-4564,Unemployed
1025,Lacy Dredge,552 Merry Point,El Carmen,,NG,ldredgep@xinhuanet.com,562-658-5742,F,370-153-6400,Employed
1026,Phillis Bennet,71549 3rd Parkway,Tiaong,,CA,pbennetq@arstechnica.com,164-743-5013,M,557-108-2863,Employed
1027,Grier Ingledow,78410 Welch Pass,Gornja Koprivna,,NG,gingledowr@networksolutions.com,668-389-7967,F,285-384-5155,Employed
1028,Carmon Jandac,65 Erie Parkway,Mando,,US,cjandacs@spiegel.de,859-269-6868,F,386-535-2582,Unemployed
1029,Keenan Colthurst,7593 Birchwood Drive,Áyioi Apóstoloi,,CA,kcolthurstt@phoca.cz,574-583-7697,F,227-533-4077,Unemployed
1030,Haze McGurk,79653 Hoepker Hill,Kyaikto,,AU,hmcgurku@businesswire.com,834-310-2496,M,172-166-0990,Unemployed
1031,Corney Perel,8367 Farmco Street,Mutengene,,VE,cperelv@psu.edu,457-426-2019,F,979-960-7465,Unemployed
1032,Brose Kippie,02051 Eggendart Alley,Mogwase,,AU,bkippiew@mediafire.com,536-522-1500,F,387-364-0984,Unemployed
1033,Wesley Harman,3 Bowman Crossing,Maoyang,,FJ,wharmanx@clickbank.net,316-369-2669,F,715-419-7980,Unemployed
1034,Leanora Henkmann,7494 Tennyson Road,Pining,,BT,lhenkmanny@canalblog.com,728-473-1461,F,132-645-2560,Unemployed
1035,Barnaby Bastiman,70 Lerdahl Street,Puerto Francisco de Orellana,,GT,bbastimanz@huffingtonpost.com,304-344-5941,M,337-976-9786,Unemployed
1036,Tammie Chrispin,7 Messerschmidt Alley,Pulaupinang,,PK,tchrispin10@google.co.uk,662-117-0671,F,683-227-6183,Unemployed
1037,Conrado McCullum,8 Sullivan Circle,Nazareth,,JP,cmccullum11@php.net,167-873-3775,F,673-716-9900,Employed
1038,Winn Eveque,83783 Colorado Center,Camperdown,,BZ,weveque12@adobe.com,919-505-2963,F,256-566-6636,Unemployed
1039,Perri McGilvra,885 1st Terrace,Taibai,,JP,pmcgilvra13@webeden.co.uk,538-364-5535,M,186-190-7798,Employed
1040,Luella Biggins,667 2nd Court,Kimanuit,,CM,lbiggins14@vk.com,110-255-3557,F,906-203-6110,Unemployed
1041,Lizzy MacAfee,7610 Blaine Hill,Ditsaan,,KI,lmacafee15@sogou.com,295-727-7960,F,876-920-3686,Unemployed
1042,Alyse Burree,6 Lyons Lane,El Paraiso,Guerrero,CA,aburree16@twitter.com,583-559-4108,M,756-577-1956,Unemployed
1043,Gilligan Fiveash,8 Westerfield Parkway,Ombul Barat,,GT,gfiveash17@biglobe.ne.jp,988-363-2664,M,460-315-9819,Unemployed
1044,Dag Gambie,2728 Surrey Point,Głuchów,,PH,dgambie18@symantec.com,253-121-5582,F,540-367-3260,Unemployed
1045,Carolann Maulin,5642 Columbus Place,Rodhítsa,,DE,cmaulin19@topsy.com,229-710-5730,M,377-876-4773,Employed
1046,Sonia Le-Good,2 Weeping Birch Street,Madison,Wisconsin,GB,slegood1a@acquirethisname.com,608-303-4011,M,691-338-3554,Employed
1047,Bard Myhill,5 Butternut Junction,Las Carreras,,BR,bmyhill1b@google.nl,820-320-9318,F,962-423-1591,Unemployed
1048,Irina Blois,22144 Michigan Road,Taiping,,NA,iblois1c@meetup.com,838-646-6141,M,324-126-9556,Employed
1049,Bliss Gages,1 Sunnyside Avenue,Grzybowa Góra,,CN,bgages1d@npr.org,311-470-1134,F,512-114-8268,Unemployed
1050,Geoffry Nyland,91829 Londonderry Circle,Gushan,,US,gnyland1e@smh.com.au,321-957-6909,F,465-733-3710,Employed
1051,Wrennie Connar,482 Maple Wood Terrace,Petřvald,,FM,wconnar1f@youku.com,117-215-2691,F,403-227-5005,Unemployed
1052,Hashim Mabe,56711 Blue Bill Park Parkway,Saint Louis,Missouri,GR,hmabe1g@illinois.edu,314-366-1544,M,390-358-7264,Employed
1053,Ricky Dauber,50266 Amoth Terrace,Popielów,,PH,rdauber1h@vimeo.com,854-156-8521,F,383-396-1517,Employed
1054,Erin Birchill,742 Ronald Regan Drive,Dhī Nā‘im,,PG,ebirchill1i@about.me,808-483-2307,F,393-158-6530,Unemployed
1055,Almire MacMarcuis,873 Dexter Park,Siedliska,,US,amacmarcuis1j@soundcloud.com,584-639-6378,M,911-268-3337,Unemployed
1056,Darlleen Bottomore,1 Doe Crossing Hill,Saquarema,,US,dbottomore1k@thetimes.co.uk,654-695-2543,F,288-854-5018,Unemployed
1057,Brien Wogden,15 Dottie Lane,Shakhun’ya,,BR,bwogden1l@xinhuanet.com,491-310-2056,M,562-520-4866,Unemployed
1058,Dion Matantsev,0629 Vera Park,Hadyach,,CG,dmatantsev1m@rediff.com,357-527-2122,F,171-591-7115,Employed
1059,Rip Halloway,390 Porter Street,Houndé,,TR,rhalloway1n@mysql.com,201-904-8828,F,717-365-5242,Unemployed
1060,Terrill Lindelof,3 Pond Trail,Mospyne,,AU,tlindelof1o@cdbaby.com,647-805-4932,M,977-785-1978,Unemployed
1061,Irena Theaker,938 Thierer Avenue,Xigebi,,US,itheaker1p@washington.edu,753-382-1292,F,924-924-9463,Employed
1062,Hernando Twohig,13 Sommers Avenue,Breda,Provincie Noord-Brabant,YE,htwohig1q@europa.eu,778-478-6487,M,635-435-0906,Employed
1063,Valdemar Kupke,8 Hallows Hill,Maple Creek,Saskatchewan,US,vkupke1r@unblog.fr,334-663-2482,M,925-317-1042,Employed
1064,Oralle Giacubbo,75 Roth Alley,Catarina,,US,ogiacubbo1s@blog.com,433-905-0317,M,946-397-0642,Unemployed
1065,Marice Karlowicz,601 Sundown Court,Landerneau,Bretagne,NZ,mkarlowicz1t@friendfeed.com,850-855-2231,M,941-241-9350,Employed
1066,Tades Patmore,70040 Granby Avenue,Zlatoust,,CA,tpatmore1u@naver.com,211-723-8885,M,510-902-1496,Unemployed
1067,Lynea Benitez,883 Nelson Plaza,Malapaubhara,,CA,lbenitez1v@cnbc.com,215-696-1142,F,750-667-3883,Employed
1068,Tammie L' Estrange,66942 Lakeland Parkway,Shuitian,,MW,tl1w@bloglines.com,197-331-3659,M,605-283-7735,Unemployed
1069,Cordi Spykings,75 Bunker Hill Parkway,Al Metlaoui,,NO,cspykings1x@washingtonpost.com,183-247-6378,M,153-196-9849,Unemployed
1070,Zsazsa Welburn,8 Crownhardt Trail,Chidian,,US,zwelburn1y@blog.com,419-294-3173,F,210-949-9049,Unemployed
1071,Onfre Kenforth,86 Thackeray Center,Yelizavetinskaya,,US,okenforth1z@prlog.org,944-532-0399,M,955-292-6290,Employed
1072,Andreana Skyner,8 Shelley Circle,Hujiaying,,CU,askyner20@joomla.org,528-297-3214,M,318-774-4002,Employed
1073,Guss Kearsley,82 Johnson Plaza,Hatton,England,DE,gkearsley21@ask.com,592-198-4610,F,187-278-3960,Unemployed
1074,Freedman Preedy,7601 Goodland Crossing,Nice,Provence-Alpes-Côte d'Azur,US,fpreedy22@go.com,661-331-4184,F,329-162-3203,Unemployed
1075,Marthena Castelin,8 Towne Road,Qingyuan,,PG,mcastelin23@creativecommons.org,367-395-4081,F,341-270-9830,Unemployed
1076,Jillie Fritschmann,79 Bunker Hill Crossing,Tougan,,CU,jfritschmann24@aol.com,128-182-5824,M,336-884-5617,Employed
1077,Den Tett,11 Ohio Place,Ganjiachang,,DE,dtett25@example.com,118-845-6028,M,971-949-2636,Unemployed
1078,Tannie Tuckerman,49144 Center Parkway,Babantar,,BF,ttuckerman26@mediafire.com,313-287-7951,M,270-283-7799,Unemployed
1079,Lonee Alton,34969 Lakewood Place,Yantianhe,,US,lalton27@sbwire.com,258-721-6936,F,400-139-8163,Employed
1080,Lexine Sacase,06 American Road,Qindu,,US,lsacase28@ca.gov,844-617-8739,F,979-803-3007,Employed
1081,Reggie Le Count,25098 Elka Hill,Slobodskoy,,CO,rle29@istockphoto.com,941-199-4428,M,379-621-6073,Employed
1082,Oswell Vlasyev,1 Leroy Trail,Ciherang,,US,ovlasyev2a@aboutads.info,868-870-2895,F,379-155-4766,Unemployed
1083,Kingsly Mouat,72 Merrick Road,Pagatan,,ES,kmouat2b@nbcnews.com,880-581-8690,M,808-701-4695,Unemployed
1084,Claribel Pittson,98 Fulton Pass,Akebielidou,,BR,cpittson2c@europa.eu,982-234-7608,M,588-933-8840,Unemployed
1085,Gonzalo Berrisford,7 Springview Alley,Afonsoeiro,Setúbal,FR,gberrisford2d@spotify.com,823-812-8908,F,656-185-2977,Unemployed
1086,Burl Rowledge,48023 Duke Lane,Kavajë,,US,browledge2e@arizona.edu,187-740-9102,F,146-124-5733,Employed
1087,Emmye Hargreaves,836 Kensington Drive,San Jose Village,,SO,ehargreaves2f@blogger.com,437-148-3652,F,411-227-3118,Unemployed
1088,Wendel Gatfield,78 Hanson Avenue,Konstancin-Jeziorna,,US,wgatfield2g@google.co.uk,564-686-8424,M,927-731-8404,Unemployed
1089,Joyce Propper,57 Mcguire Hill,Dembeni,,MY,jpropper2h@google.com.au,533-306-5024,F,536-240-5465,Unemployed
1090,Gus Wardlow,510 Westridge Trail,Arenas,,TR,gwardlow2i@dailymail.co.uk,360-295-1264,F,483-910-7254,Unemployed
1091,Sapphira Froud,361 Gulseth Point,Mancha Khiri,,US,sfroud2j@mlb.com,168-345-3074,M,967-451-9972,Unemployed
1092,Elsey Hoyes,3150 Harper Junction,Périgueux,Aquitaine,US,ehoyes2k@ovh.net,681-479-2003,M,805-452-3480,Employed
1093,Annemarie Worton,16 Clemons Alley,Лабуништа,,NG,aworton2l@digg.com,979-681-7240,F,838-500-2577,Employed
1094,Karlik Alekseicik,837 Straubel Court,Mocoa,,AU,kalekseicik2m@japanpost.jp,356-204-6404,F,571-555-8090,Unemployed
1095,Sherye Borrett,6624 Lotheville Circle,Manukau City,,RU,sborrett2n@dion.ne.jp,629-845-2667,M,354-606-1368,Employed
1096,Eb ducarme,48359 Reinke Way,Mantingantengah,,ZM,educarme2o@chicagotribune.com,826-926-8887,M,925-660-0302,Employed
1097,Mychal Vuitton,5 Basil Park,Pule,,FR,mvuitton2p@va.gov,384-882-3082,F,363-634-2534,Employed
1098,Kristin McMackin,81 Harbort Hill,Chambara,,BR,kmcmackin2q@cam.ac.uk,716-569-8953,M,523-630-1076,Unemployed
1099,Ashli Carnew,3 Reindahl Parkway,Guazacapán,,AU,acarnew2r@facebook.com,294-438-4993,M,144-471-8070,Unemployed
1100,Libbi Glozman,64135 Eliot Crossing,Hrochův Týnec,,MX,lglozman2s@accuweather.com,950-664-0961,M,588-777-8126,Employed
1101,Prissie Gannon,62056 Fisk Lane,Long Layu,,US,pgannon2t@alexa.com,537-341-7387,F,269-382-5569,Unemployed
1102,Germain Stambridge,45648 Dixon Pass,Ōyama,,US,gstambridge2u@fc2.com,461-241-5108,F,923-958-0456,Unemployed
1103,Josi Morhall,7 5th Circle,Riobamba,,US,jmorhall2v@seattletimes.com,578-239-5812,F,952-887-1294,Unemployed
1104,Jobyna Sambell,8 Bonner Court,Arkhaía Kórinthos,,BR,jsambell2w@dailymail.co.uk,278-576-0859,M,958-278-7793,Employed
1105,Alicea Menhci,5 Lake View Crossing,Pyra,,GY,amenhci2x@linkedin.com,581-145-9833,F,397-885-9716,Unemployed
1106,Merry Burman,4695 Manley Drive,Viçosa,,AU,mburman2y@oaic.gov.au,395-625-1372,F,824-672-8872,Unemployed
1107,Averil Perone,01 Nova Plaza,Jiuxian,,PG,aperone2z@comsenz.com,719-362-4131,F,303-321-2995,Unemployed
1108,Ettore Stammer,08315 Lighthouse Bay Parkway,Ntungamo,,US,estammer30@epa.gov,436-798-9081,M,958-859-9446,Unemployed
1109,Madelle Dorrins,798 Lakewood Gardens Crossing,Cha’anpu,,CA,mdorrins31@soundcloud.com,121-392-5578,M,899-412-8926,Unemployed
1110,Quincy Ruggier,7837 Holy Cross Terrace,Keda,,GB,qruggier32@craigslist.org,442-746-4504,M,329-206-8222,Employed
1111,Antin Phippen,43 Union Avenue,Cimitarra,,PH,aphippen33@msn.com,872-823-6554,F,169-921-1588,Unemployed
1112,Ora Redon,65378 Riverside Park,Al ‘Anān,,PG,oredon34@instagram.com,278-215-7088,M,123-283-3193,Employed
1113,Sollie Dogerty,5 Dapin Terrace,Sui’an,,AU,sdogerty35@ameblo.jp,958-694-4172,F,545-903-8977,Unemployed
1114,Elane Hambleton,722 Hudson Plaza,Pohonsirih,,BR,ehambleton36@gnu.org,553-764-5983,M,155-631-8379,Unemployed
1115,Launce Boddam,2 Sachtjen Lane,Eaubonne,Île-de-France,CA,lboddam37@google.com.hk,587-279-8806,M,986-669-8812,Employed
1116,Joella Weal,14 Darwin Trail,Orlando,Florida,US,jweal38@amazon.com,407-863-1631,M,146-847-5065,Unemployed
1117,Christina Bugdall,4303 Scoville Road,Wukang,,GY,cbugdall39@nba.com,193-533-3109,F,150-623-1929,Unemployed
1118,Johannes Villiers,03 2nd Circle,Binucayan,,US,jvilliers3a@cocolog-nifty.com,776-413-0827,M,724-547-7681,Employed
1119,Gilda Parks,8 Blaine Place,Nanggela,,GN,gparks3b@csmonitor.com,704-403-3171,F,602-199-7156,Unemployed
1120,Charline Dyka,9 Loomis Road,Novi Zagreb,,US,cdyka3c@walmart.com,101-776-0184,F,521-601-0103,Unemployed
1121,Babbette Bryenton,343 Leroy Road,Ban Nahin,,GY,bbryenton3d@devhub.com,133-869-8794,M,147-626-3833,Unemployed
1122,Melania Chell,46 Northwestern Junction,Pospelikha,,US,mchell3e@ibm.com,536-120-3438,F,623-343-7829,Unemployed
1123,Rorie Attridge,51192 Thackeray Alley,Astanajapura,,US,rattridge3f@jalbum.net,715-778-1523,F,245-515-7196,Employed
1124,Ira Singers,31 Declaration Center,Amieiro,Vila Real,AU,isingers3g@scribd.com,411-954-3263,F,251-841-7800,Unemployed
1125,Isahella Crouch,71 Mallory Crossing,Baihe,,US,icrouch3h@domainmarket.com,420-987-3865,M,533-784-3264,Unemployed
1126,Hewe Hadingham,12921 Novick Point,New Panamao,,US,hhadingham3i@ftc.gov,200-896-3823,F,756-749-6579,Unemployed
1127,Erek Shirtcliffe,4 Waywood Crossing,Ngampon,,US,eshirtcliffe3j@blogger.com,891-147-1749,M,774-513-9141,Unemployed
1128,Mary Tatam,86 Goodland Circle,Kinshasa,,US,mtatam3k@storify.com,298-962-1435,M,880-986-7720,Employed
1129,Aila Richold,1777 John Wall Pass,Makedonski Brod,,CD,arichold3l@mysql.com,562-961-4501,F,984-317-3380,Employed
1130,Izak Bitchener,57751 Grayhawk Street,Daojiang,,KE,ibitchener3m@businessinsider.com,871-665-3518,F,896-776-1124,Employed
1131,Dene Jencey,71 Basil Place,Yujing,,US,djencey3n@studiopress.com,373-170-2977,F,929-151-6142,Employed
1132,Scott Bransden,28353 Chive Parkway,Xingdian,,US,sbransden3o@printfriendly.com,910-410-3805,F,872-896-8334,Unemployed
1133,Urbanus Bezzant,1 Roxbury Parkway,Shuitianhe,,RU,ubezzant3p@nyu.edu,715-791-7881,M,171-688-2663,Employed
1134,Laurice Philpots,768 Valley Edge Street,Şūr,,FR,lphilpots3q@about.com,635-144-3415,M,619-135-0736,Unemployed
1135,Dean Elsegood,4 Oriole Place,Zouma,,AU,delsegood3r@tumblr.com,706-190-8971,M,657-289-0920,Unemployed
1136,Lyndell Rizzi,030 Hayes Place,Xinji,,PG,lrizzi3s@ehow.com,955-262-5037,M,696-426-5188,Employed
1137,Bradley Fobidge,64991 Mitchell Pass,Małdyty,,FJ,bfobidge3t@cyberchimps.com,953-196-6678,F,366-476-5047,Unemployed
1138,Alphonse Millsom,345 New Castle Pass,Osilnica,,CO,amillsom3u@cmu.edu,147-457-8982,M,262-816-9147,Unemployed
1139,Cyrille Kelshaw,7 Independence Street,Easington,,CN,ckelshaw3v@msn.com,804-770-3037,F,239-391-2169,Unemployed
1140,Eirena Johannesson,3 Oak Valley Trail,Onzaga,,US,ejohannesson3w@yellowbook.com,535-863-1759,F,864-536-9027,Employed
1141,Christy Tomblett,60 Orin Road,Sindanghayu,,CR,ctomblett3x@bbc.co.uk,525-866-8691,F,711-331-0979,Employed
1142,Harriette Eby,358 Reindahl Crossing,Lubei,,AU,heby3y@census.gov,830-802-4193,M,956-796-6756,Unemployed
1143,Rebecka Le Leu,64 Petterle Road,Quxi,,TZ,rle3z@g.co,597-272-5208,F,562-717-5873,Employed
1144,Hank Padden,0 Melody Avenue,Haoxinying,,NZ,hpadden40@toplist.cz,331-827-3756,M,501-364-0898,Employed
1145,Gerianna Gude,503 Tomscot Parkway,Proboštov,,IR,ggude41@youku.com,718-789-5755,F,448-426-9971,Employed
1146,Frannie Folliss,19347 Spaight Way,Visoko,,MX,ffolliss42@trellian.com,458-733-7241,M,520-510-5020,Employed
1147,Elsy Poschel,2 Mendota Junction,Cihideung Satu,,IN,eposchel43@xrea.com,863-735-3694,F,188-906-5877,Employed
1148,Romonda McCorry,75 Forest Dale Court,Byahoml’,,PA,rmccorry44@mlb.com,333-203-2727,F,287-506-9900,Unemployed
1149,Jarrett Sans,8493 Golden Leaf Street,Yiánnouli,,CA,jsans45@loc.gov,230-375-5844,M,405-632-5240,Unemployed
1150,Emelita La Croce,2600 Norway Maple Crossing,Fatumuti,,RU,ela46@goo.gl,292-844-9423,M,562-789-8107,Employed
1151,Basilius Adnet,4 Butternut Avenue,Kharagauli,,MH,badnet47@networkadvertising.org,531-292-3427,M,456-242-6047,Unemployed
1152,Alexi Loughlin,8540 Vidon Center,Allentown,Pennsylvania,NC,aloughlin48@furl.net,610-763-1960,F,963-249-1481,Unemployed
1153,Keri Munday,39281 Mitchell Junction,Cáchira,,GN,kmunday49@hostgator.com,268-931-5480,F,805-892-5490,Unemployed
1154,Ban Trevan,778 Stephen Pass,Laoxingchang,,GY,btrevan4a@google.it,140-430-2303,F,531-891-0772,Employed
1155,Carlie Codron,24 Blaine Trail,Xunzhai,,MZ,ccodron4b@ucoz.com,884-260-9749,F,808-695-7416,Unemployed
1156,Emelina Depper,43 Ridge Oak Crossing,Ballitoville,,IR,edepper4c@seesaa.net,360-785-2155,F,161-348-7208,Unemployed
1157,Berk Readwin,533 Gale Terrace,Znamenskoye,,US,breadwin4d@ow.ly,178-173-0098,F,117-544-5753,Unemployed
1158,Bernardina Fowden,8656 Forest Dale Center,Pomabamba,,US,bfowden4e@ask.com,784-647-8095,F,605-751-5759,Unemployed
1159,Arnaldo Roarty,46334 Banding Trail,Coro,,US,aroarty4f@tripod.com,474-530-2563,F,245-255-6787,Employed
1160,Desiri Mitchel,31 Walton Drive,Jiaotang,,PH,dmitchel4g@canalblog.com,538-912-8273,M,299-792-2738,Unemployed
1161,Sapphira Bellworthy,7 Golden Leaf Center,Karangparwa,,US,sbellworthy4h@sbwire.com,502-341-7177,F,204-472-0866,Unemployed
1162,Jeanne McKew,20674 Pankratz Pass,Non Sila,,CO,jmckew4i@about.com,862-215-5730,F,214-149-3989,Unemployed
1163,Manda Jillins,62 Hoffman Terrace,Ribeiro,Aveiro,PE,mjillins4j@chicagotribune.com,896-399-8010,M,991-655-2446,Unemployed
1164,Gertrud Whytock,6 Holmberg Point,Matalam,,ID,gwhytock4k@printfriendly.com,581-759-4008,M,858-456-9017,Unemployed
1165,Cristen Klisch,12 Ilene Plaza,Sultan Kudarat,,BF,cklisch4l@prnewswire.com,917-967-9599,F,559-128-8183,Unemployed
1166,Leila Scollard,9117 Burrows Parkway,Dharān Bāzār,,BR,lscollard4m@fastcompany.com,273-629-7854,M,838-275-3560,Unemployed
1167,Kiah Huortic,5192 Nancy Parkway,Sydney South,New South Wales,KZ,khuortic4n@ucoz.com,113-613-6611,F,240-774-0163,Employed
1168,Nealson Spong,7 Anthes Park,Itabira,,ID,nspong4o@angelfire.com,800-344-2969,M,288-917-5225,Employed
1169,Husain Kirsop,3 Golf Street,Michałów-Reginów,,RU,hkirsop4p@indiegogo.com,693-870-4424,F,834-501-5356,Employed
1170,Jania Driffill,2404 Paget Center,Phetchaburi,,ID,jdriffill4q@guardian.co.uk,885-597-5615,M,388-996-9178,Unemployed
1171,Leisha Leele,1 Becker Park,Nerchinsk,,CN,lleele4r@lulu.com,713-848-2934,M,433-792-5600,Unemployed
1172,Lionel Kingsford,0 Maple Pass,Jintan,,PK,lkingsford4s@mit.edu,851-181-4582,F,425-610-2375,Unemployed
1173,Kory Columbine,10 Barnett Alley,Sumberagung,,ZW,kcolumbine4t@wsj.com,988-990-5160,F,958-958-4177,Unemployed
1174,Madeline Elstub,65 Gateway Avenue,Khomutovo,,US,melstub4u@ox.ac.uk,622-508-1224,F,462-548-7872,Unemployed
1175,Heather Remon,0096 Stoughton Trail,Francisco Villa,Durango,TD,hremon4v@jimdo.com,284-237-7933,F,739-619-3012,Unemployed
1176,Eddy Ferras,9 Lien Court,Vyshneve,,AU,eferras4w@samsung.com,570-374-0355,M,974-355-8216,Employed
1177,Billie Crosfield,44 High Crossing Trail,Tuzha,,BS,bcrosfield4x@google.com,484-645-5731,F,496-898-8129,Unemployed
1178,Edgar Childes,298 Express Avenue,Bang Len,,ID,echildes4y@dmoz.org,477-114-9548,F,161-175-1028,Unemployed
1179,Kathryne Painten,460 Emmet Circle,Bellavista,,SA,kpainten4z@odnoklassniki.ru,580-901-5440,M,774-364-7823,Employed
1180,Mozes Legg,942 Brown Avenue,Yangcheng,,ES,mlegg50@pen.io,330-115-9472,M,845-281-3633,Employed
1181,Tirrell Doldon,42951 Jay Point,Kavarna,,AU,tdoldon51@photobucket.com,270-603-7560,F,103-501-7814,Employed
1182,Calida Rignall,88919 Talmadge Crossing,Balayong,,US,crignall52@disqus.com,580-707-2517,F,820-784-7916,Employed
1183,Erma Shirtcliffe,642 Warner Avenue,Donostia-San Sebastian,Pais Vasco,KZ,eshirtcliffe53@webmd.com,977-732-6930,M,646-847-1070,Employed
1184,Jarrad Pringuer,45 Corry Road,Mỹ Xuyên,,CN,jpringuer54@4shared.com,999-673-0351,M,845-921-0964,Unemployed
1185,Kevyn Milan,228 Washington Place,Chacapalpa,,AU,kmilan55@geocities.com,975-259-0883,F,784-532-5677,Employed
1186,Normand Bellee,660 Sherman Park,Boise,Idaho,RU,nbellee56@reference.com,208-148-7098,F,585-790-6167,Unemployed
1187,Adrien Gazzard,2 Tennyson Park,Montor Timur,,TC,agazzard57@va.gov,810-827-9932,M,185-883-9942,Unemployed
1188,Goddart Podd,06042 Rigney Alley,Gaoling,,AU,gpodd58@fotki.com,786-434-9750,F,922-235-5166,Unemployed
1189,Shay Davidwitz,1877 Glendale Court,Nivnice,,GY,sdavidwitz59@github.com,764-463-9744,F,438-188-4481,Unemployed
1190,Avrom Lyosik,41 Bashford Road,Xieshui,,CA,alyosik5a@ow.ly,369-224-6186,F,180-963-6748,Unemployed
1191,Teresa Tennock,53 Division Park,Saki,,US,ttennock5b@weather.com,310-324-6762,M,735-175-0249,Unemployed
1192,Tonia Trimme,5 Forster Parkway,Karangranjong,,PM,ttrimme5c@toplist.cz,662-480-0121,M,676-168-3866,Employed
1193,Adrian Kinavan,36 Starling Crossing,Carcassonne,Languedoc-Roussillon,PK,akinavan5d@house.gov,904-451-4226,F,271-552-3893,Employed
1194,Nester Morphey,1 Northland Alley,Nhà Bè,,AU,nmorphey5e@dyndns.org,480-734-6240,F,989-453-1489,Employed
1195,Teodoro Rubenovic,42966 Erie Lane,Bjästa,Västernorrland,AU,trubenovic5f@harvard.edu,231-418-8479,F,769-763-1394,Employed
1196,Bordy Robatham,131 Bonner Trail,Peñaflor,,MZ,brobatham5g@istockphoto.com,518-785-0663,F,260-643-5089,Employed
1197,Gerik Utterson,02523 Village Green Plaza,Detik Satu,,NG,gutterson5h@businessweek.com,267-603-8521,M,869-704-7679,Employed
1198,Dion Moncrefe,227 Sunfield Circle,Fuxing,,PG,dmoncrefe5i@usa.gov,710-155-4417,F,986-530-6509,Unemployed
1199,Ulrick Etteridge,75498 Debra Parkway,Masallātah,,FM,uetteridge5j@rakuten.co.jp,488-994-1541,M,319-461-3150,Unemployed
